sub_id,account_id,opp_id,plan,mrr,start_date,end_date,status
SUB-000001,ACC-00640,OPP-000002,SOC2 Starter,121.07,2026-02-16,,active
SUB-000002,ACC-00882,OPP-000006,SOC2 Starter,90.53,2026-01-22,,active
SUB-000003,ACC-01409,OPP-000007,Enterprise Multi-Framework,546.11,2026-03-15,,active
SUB-000004,ACC-01077,OPP-000010,SOC2 Starter,88.23,2025-11-10,,active
SUB-000005,ACC-01027,OPP-000021,SOC2 Starter,125.59,2024-11-02,,active
SUB-000006,ACC-00825,OPP-000025,SOC2 Starter,104.05,2024-07-23,,active
SUB-000007,ACC-01102,OPP-000026,SOC2 Starter,108.78,2026-02-01,,active
SUB-000008,ACC-00402,OPP-000041,SOC2 Starter,97.63,2025-01-27,,active
SUB-000009,ACC-00405,OPP-000042,SOC2 Starter,86.18,2025-11-16,2026-04-15,churned
SUB-000010,ACC-00107,OPP-000043,SOC2 Starter,106.71,2024-11-05,,active
SUB-000011,ACC-00474,OPP-000046,SOC2 Starter,99.86,2026-01-25,,active
SUB-000012,ACC-00929,OPP-000048,SOC2 Starter,111.67,2026-02-18,,active
SUB-000013,ACC-00065,OPP-000056,SOC2 Starter,104.97,2026-02-07,,active
SUB-000014,ACC-00297,OPP-000057,SOC2 + ISO 27001,302.43,2024-06-24,,active
SUB-000015,ACC-01448,OPP-000058,SOC2 Starter,89.95,2024-03-05,,active
SUB-000016,ACC-01658,OPP-000062,SOC2 Starter,129.54,2025-05-18,,active
SUB-000017,ACC-00605,OPP-000066,SOC2 Starter,112.17,2026-04-18,,active
SUB-000018,ACC-01305,OPP-000067,SOC2 Starter,125.32,2025-11-12,,active
SUB-000019,ACC-00756,OPP-000070,SOC2 Starter,96.87,2024-08-08,2025-02-04,churned
SUB-000020,ACC-00868,OPP-000073,SOC2 Starter,101.48,2025-09-11,,active
SUB-000021,ACC-00965,OPP-000075,Enterprise Multi-Framework,581.31,2025-05-24,,active
SUB-000022,ACC-00237,OPP-000079,SOC2 + ISO 27001,300.27,2024-11-01,,active
SUB-000023,ACC-00650,OPP-000080,SOC2 + ISO 27001,210.51,2025-10-07,,active
SUB-000024,ACC-00445,OPP-000082,SOC2 Starter,118.35,2024-08-19,,active
SUB-000025,ACC-00721,OPP-000085,SOC2 Starter,85.33,2026-01-17,,active
SUB-000026,ACC-00793,OPP-000087,SOC2 Starter,115.25,2026-03-06,,active
SUB-000027,ACC-00926,OPP-000088,SOC2 Starter,127.86,2026-02-21,,active
SUB-000028,ACC-00780,OPP-000090,SOC2 Starter,110.64,2025-10-03,2026-03-02,churned
SUB-000029,ACC-00479,OPP-000101,SOC2 Starter,120.66,2026-02-12,,active
SUB-000030,ACC-01362,OPP-000111,SOC2 + ISO 27001,286.19,2024-04-09,2024-09-06,churned
SUB-000031,ACC-01511,OPP-000115,SOC2 Starter,117.59,2025-08-05,,active
SUB-000032,ACC-01637,OPP-000123,SOC2 Starter,115.05,2026-02-06,,active
SUB-000033,ACC-00305,OPP-000125,SOC2 + ISO 27001,249.37,2025-02-10,,active
SUB-000034,ACC-01744,OPP-000127,SOC2 Starter,105.72,2025-12-30,,active
SUB-000035,ACC-01480,OPP-000131,SOC2 Starter,104.77,2025-11-03,,active
SUB-000036,ACC-01265,OPP-000133,SOC2 Starter,123.67,2026-05-24,,active
SUB-000037,ACC-00147,OPP-000139,SOC2 Starter,89.67,2024-10-26,,active
SUB-000038,ACC-01352,OPP-000140,SOC2 Starter,86.32,2025-08-01,2026-06-27,churned
SUB-000039,ACC-00673,OPP-000141,SOC2 + ISO 27001,240.86,2025-08-15,,active
SUB-000040,ACC-00425,OPP-000146,Enterprise Multi-Framework,698.06,2024-03-26,,active
SUB-000041,ACC-00229,OPP-000148,SOC2 Starter,114.23,2026-03-12,,active
SUB-000042,ACC-01057,OPP-000149,SOC2 Starter,88.04,2025-10-15,2026-03-14,churned
SUB-000043,ACC-00730,OPP-000156,SOC2 Starter,126.27,2025-07-12,,active
SUB-000044,ACC-01662,OPP-000158,SOC2 Starter,129.66,2025-05-04,,active
SUB-000045,ACC-00144,OPP-000161,SOC2 Starter,124.79,2024-02-19,,active
SUB-000046,ACC-01219,OPP-000166,SOC2 Starter,96.5,2025-08-13,,active
SUB-000047,ACC-00117,OPP-000167,SOC2 Starter,105.99,2024-07-15,,active
SUB-000048,ACC-00200,OPP-000169,SOC2 Starter,97.91,2024-07-18,,active
SUB-000049,ACC-00760,OPP-000170,SOC2 Starter,89.34,2025-05-24,2025-08-22,churned
SUB-000050,ACC-00374,OPP-000171,SOC2 + ISO 27001,257.02,2026-01-09,,active
SUB-000051,ACC-00449,OPP-000174,SOC2 Starter,121.65,2024-07-24,2025-03-21,churned
SUB-000052,ACC-00849,OPP-000178,SOC2 + ISO 27001,298.24,2025-05-22,,active
SUB-000053,ACC-00101,OPP-000187,Enterprise Multi-Framework,560.93,2024-11-19,,active
SUB-000054,ACC-01130,OPP-000190,SOC2 Starter,104.12,2025-12-22,,active
SUB-000055,ACC-01427,OPP-000192,Enterprise Multi-Framework,487.74,2025-03-10,,active
SUB-000056,ACC-01555,OPP-000202,SOC2 Starter,114.89,2025-03-31,2026-03-26,churned
SUB-000057,ACC-01752,OPP-000213,Enterprise Multi-Framework,599.76,2026-03-08,,active
SUB-000058,ACC-00748,OPP-000216,SOC2 Starter,110.96,2025-08-26,,active
SUB-000059,ACC-00994,OPP-000221,SOC2 Starter,105.04,2024-03-14,,active
SUB-000060,ACC-00959,OPP-000223,SOC2 Starter,101.2,2025-10-01,,active
SUB-000061,ACC-01291,OPP-000226,Enterprise Multi-Framework,594.38,2025-02-10,2025-10-08,churned
SUB-000062,ACC-01077,OPP-000238,SOC2 + ISO 27001,257.58,2024-09-05,,active
SUB-000063,ACC-00684,OPP-000240,SOC2 Starter,112.33,2024-05-20,,active
SUB-000064,ACC-00706,OPP-000241,SOC2 Starter,104.22,2024-05-09,,active
SUB-000065,ACC-01372,OPP-000243,Enterprise Multi-Framework,535.46,2024-04-02,,active
SUB-000066,ACC-00365,OPP-000245,SOC2 Starter,120.1,2024-08-13,,active
SUB-000067,ACC-01277,OPP-000246,SOC2 Starter,102.07,2025-06-22,,active
SUB-000068,ACC-01183,OPP-000247,SOC2 Starter,116.24,2025-11-29,,active
SUB-000069,ACC-00715,OPP-000250,SOC2 Starter,93.49,2026-03-02,,active
SUB-000070,ACC-00886,OPP-000252,Enterprise Multi-Framework,691.36,2025-11-03,,active
SUB-000071,ACC-01506,OPP-000256,SOC2 Starter,105.19,2024-08-15,2025-04-12,churned
SUB-000072,ACC-00163,OPP-000263,SOC2 Starter,106.94,2024-05-14,,active
SUB-000073,ACC-01410,OPP-000270,SOC2 Starter,101.4,2024-03-30,2025-01-24,churned
SUB-000074,ACC-01084,OPP-000271,SOC2 Starter,101.09,2025-10-17,,active
SUB-000075,ACC-00062,OPP-000272,SOC2 Starter,114.78,2024-09-10,,active
SUB-000076,ACC-00213,OPP-000277,SOC2 Starter,111.8,2024-10-21,,active
SUB-000077,ACC-00593,OPP-000279,Enterprise Multi-Framework,610.71,2025-07-02,,active
SUB-000078,ACC-00324,OPP-000280,SOC2 Starter,129.23,2025-04-04,,active
SUB-000079,ACC-00555,OPP-000283,SOC2 + ISO 27001,285.34,2025-06-11,,active
SUB-000080,ACC-00171,OPP-000284,SOC2 Starter,120.38,2025-04-23,,active
SUB-000081,ACC-00968,OPP-000290,SOC2 Starter,98.93,2025-09-30,,active
SUB-000082,ACC-00692,OPP-000293,SOC2 Starter,119.97,2025-06-13,,active
SUB-000083,ACC-00677,OPP-000296,SOC2 Starter,107.14,2024-04-24,,active
SUB-000084,ACC-01124,OPP-000297,SOC2 Starter,98.04,2024-07-05,,active
SUB-000085,ACC-00297,OPP-000299,SOC2 Starter,109.25,2025-12-07,,active
SUB-000086,ACC-00517,OPP-000302,SOC2 Starter,87.82,2025-03-31,,active
SUB-000087,ACC-01487,OPP-000303,SOC2 Starter,124.33,2025-01-11,,active
SUB-000088,ACC-00012,OPP-000304,SOC2 Starter,114.4,2024-04-08,2024-12-04,churned
SUB-000089,ACC-00091,OPP-000305,SOC2 Starter,104.17,2024-10-18,,active
SUB-000090,ACC-01182,OPP-000306,Enterprise Multi-Framework,618.99,2026-03-23,,active
SUB-000091,ACC-00249,OPP-000308,SOC2 Starter,107.24,2025-11-09,,active
SUB-000092,ACC-01556,OPP-000314,SOC2 Starter,94.24,2024-02-23,,active
SUB-000093,ACC-01301,OPP-000315,SOC2 Starter,127.84,2024-10-19,,active
SUB-000094,ACC-01527,OPP-000316,SOC2 Starter,104.03,2026-05-21,,active
SUB-000095,ACC-01698,OPP-000317,SOC2 Starter,108.57,2024-05-14,,active
SUB-000096,ACC-01181,OPP-000318,Enterprise Multi-Framework,602.77,2025-09-07,,active
SUB-000097,ACC-01736,OPP-000320,SOC2 Starter,119.84,2025-12-19,,active
SUB-000098,ACC-00701,OPP-000321,SOC2 Starter,89.32,2025-04-27,,active
SUB-000099,ACC-00079,OPP-000323,SOC2 Starter,87.13,2025-03-20,,active
SUB-000100,ACC-01339,OPP-000324,SOC2 + ISO 27001,295.68,2026-05-29,,active
SUB-000101,ACC-01268,OPP-000325,SOC2 + ISO 27001,292.73,2026-02-17,,active
SUB-000102,ACC-01543,OPP-000326,SOC2 Starter,110.76,2025-12-24,,active
SUB-000103,ACC-01753,OPP-000328,SOC2 Starter,123.78,2024-04-21,,active
SUB-000104,ACC-01052,OPP-000329,SOC2 Starter,91.67,2025-10-26,,active
SUB-000105,ACC-01547,OPP-000335,SOC2 Starter,104.38,2025-03-17,,active
SUB-000106,ACC-00462,OPP-000336,Enterprise Multi-Framework,608.91,2026-01-07,,active
SUB-000107,ACC-00502,OPP-000338,SOC2 + ISO 27001,247.42,2024-08-05,,active
SUB-000108,ACC-00328,OPP-000341,SOC2 Starter,85.2,2024-03-10,,active
SUB-000109,ACC-01573,OPP-000342,SOC2 Starter,123.44,2024-10-21,,active
SUB-000110,ACC-01295,OPP-000352,SOC2 + ISO 27001,259.28,2025-04-30,,active
SUB-000111,ACC-01716,OPP-000353,SOC2 Starter,103.32,2024-02-02,,active
SUB-000112,ACC-00464,OPP-000355,SOC2 Starter,110.53,2026-03-31,,active
SUB-000113,ACC-00305,OPP-000358,SOC2 Starter,123.04,2026-02-05,,active
SUB-000114,ACC-01163,OPP-000360,SOC2 Starter,93.54,2024-02-06,,active
SUB-000115,ACC-00455,OPP-000367,SOC2 Starter,114.76,2025-07-22,,active
SUB-000116,ACC-00315,OPP-000369,SOC2 + ISO 27001,224.08,2024-12-24,,active
SUB-000117,ACC-01663,OPP-000371,SOC2 Starter,92.21,2024-07-25,2025-05-21,churned
SUB-000118,ACC-01032,OPP-000373,SOC2 Starter,87.61,2024-10-06,,active
SUB-000119,ACC-01205,OPP-000382,SOC2 Starter,109.49,2026-06-23,,active
SUB-000120,ACC-00546,OPP-000383,Enterprise Multi-Framework,649.63,2025-10-18,,active
SUB-000121,ACC-01252,OPP-000385,SOC2 Starter,90.55,2024-02-26,,active
SUB-000122,ACC-01611,OPP-000397,Enterprise Multi-Framework,639.33,2024-05-02,2025-08-25,churned
SUB-000123,ACC-01480,OPP-000400,SOC2 Starter,128.92,2024-04-29,2025-12-20,churned
SUB-000124,ACC-00326,OPP-000401,Enterprise Multi-Framework,671.02,2025-02-06,,active
SUB-000125,ACC-01565,OPP-000404,SOC2 Starter,128.67,2024-04-27,,active
SUB-000126,ACC-01472,OPP-000409,SOC2 Starter,114.98,2025-08-16,,active
SUB-000127,ACC-00749,OPP-000417,SOC2 Starter,88.47,2025-10-31,,active
SUB-000128,ACC-01556,OPP-000424,Enterprise Multi-Framework,492.23,2025-04-11,2025-07-10,churned
SUB-000129,ACC-00405,OPP-000426,SOC2 Starter,103.52,2024-03-28,2024-11-23,churned
SUB-000130,ACC-00813,OPP-000427,SOC2 Starter,118.73,2025-09-26,,active
SUB-000131,ACC-00733,OPP-000430,SOC2 Starter,129.04,2024-12-20,,active
SUB-000132,ACC-00540,OPP-000434,SOC2 Starter,101.83,2026-04-01,,active
SUB-000133,ACC-00649,OPP-000437,SOC2 Starter,88.14,2025-08-14,,active
SUB-000134,ACC-00102,OPP-000439,Enterprise Multi-Framework,520.4,2025-12-08,,active
SUB-000135,ACC-00275,OPP-000440,SOC2 Starter,113.95,2024-11-07,2025-10-03,churned
SUB-000136,ACC-00182,OPP-000452,Enterprise Multi-Framework,701.23,2024-04-21,,active
SUB-000137,ACC-01053,OPP-000455,SOC2 Starter,127.3,2024-02-26,,active
SUB-000138,ACC-01416,OPP-000458,SOC2 Starter,120.74,2025-06-07,,active
SUB-000139,ACC-00374,OPP-000459,SOC2 Starter,114.7,2025-10-19,,active
SUB-000140,ACC-01196,OPP-000461,SOC2 Starter,101.65,2024-07-23,,active
SUB-000141,ACC-00824,OPP-000463,SOC2 Starter,103.21,2024-04-16,,active
SUB-000142,ACC-01575,OPP-000465,SOC2 Starter,107.1,2025-05-27,,active
SUB-000143,ACC-01650,OPP-000469,SOC2 Starter,89.84,2024-06-25,,active
SUB-000144,ACC-01335,OPP-000482,SOC2 Starter,112.63,2026-04-22,,active
SUB-000145,ACC-00570,OPP-000492,SOC2 Starter,107.19,2026-05-18,,active
SUB-000146,ACC-01082,OPP-000494,SOC2 Starter,115.33,2026-04-05,,active
SUB-000147,ACC-00977,OPP-000497,SOC2 Starter,118.38,2024-02-12,,active
SUB-000148,ACC-00481,OPP-000500,SOC2 Starter,93.34,2024-08-27,,active
SUB-000149,ACC-01716,OPP-000507,SOC2 Starter,122.69,2025-06-06,,active
SUB-000150,ACC-01705,OPP-000510,SOC2 Starter,110.9,2024-11-17,,active
SUB-000151,ACC-01330,OPP-000511,SOC2 Starter,90.02,2024-10-23,2025-06-20,churned
SUB-000152,ACC-01736,OPP-000513,SOC2 Starter,90.38,2025-08-01,,active
SUB-000153,ACC-01559,OPP-000524,SOC2 Starter,114.6,2024-11-28,,active
SUB-000154,ACC-00921,OPP-000528,SOC2 + ISO 27001,268.69,2024-04-07,,active
SUB-000155,ACC-00483,OPP-000530,Enterprise Multi-Framework,662.65,2025-12-26,,active
SUB-000156,ACC-00129,OPP-000531,SOC2 Starter,95.86,2025-06-08,,active
SUB-000157,ACC-00319,OPP-000535,SOC2 Starter,123.94,2025-05-24,,active
SUB-000158,ACC-00014,OPP-000545,SOC2 Starter,87.9,2025-05-10,,active
SUB-000159,ACC-00908,OPP-000551,SOC2 Starter,99.73,2025-10-11,,active
SUB-000160,ACC-00627,OPP-000552,SOC2 Starter,114.64,2025-02-26,,active
SUB-000161,ACC-00739,OPP-000553,SOC2 Starter,109.22,2025-06-05,,active
SUB-000162,ACC-00373,OPP-000554,SOC2 Starter,90.43,2024-05-04,,active
SUB-000163,ACC-01328,OPP-000555,SOC2 Starter,89.48,2024-11-09,,active
SUB-000164,ACC-00307,OPP-000559,SOC2 Starter,91.51,2025-02-08,,active
SUB-000165,ACC-00886,OPP-000561,SOC2 Starter,93.88,2025-08-19,,active
SUB-000166,ACC-00749,OPP-000565,SOC2 Starter,93.52,2025-02-04,,active
SUB-000167,ACC-01311,OPP-000567,SOC2 Starter,85.88,2026-05-30,,active
SUB-000168,ACC-00765,OPP-000570,SOC2 Starter,113.62,2024-10-02,,active
SUB-000169,ACC-01408,OPP-000582,SOC2 Starter,110.15,2026-06-16,,active
SUB-000170,ACC-01240,OPP-000584,SOC2 Starter,102.3,2024-06-27,2025-03-24,churned
SUB-000171,ACC-01739,OPP-000585,SOC2 Starter,88.18,2024-05-17,2025-12-08,churned
SUB-000172,ACC-00299,OPP-000586,Enterprise Multi-Framework,505.64,2024-10-16,,active
SUB-000173,ACC-00503,OPP-000588,SOC2 + ISO 27001,261.18,2024-11-11,,active
SUB-000174,ACC-01334,OPP-000589,Enterprise Multi-Framework,553.85,2024-04-16,,active
SUB-000175,ACC-00615,OPP-000590,SOC2 Starter,108.79,2026-06-02,,active
SUB-000176,ACC-01259,OPP-000591,SOC2 Starter,128.48,2025-01-30,2026-06-24,churned
SUB-000177,ACC-01124,OPP-000592,SOC2 Starter,88.09,2025-12-06,,active
SUB-000178,ACC-01759,OPP-000597,SOC2 Starter,110.16,2024-03-06,,active
SUB-000179,ACC-01641,OPP-000599,SOC2 Starter,95.83,2025-09-29,,active
SUB-000180,ACC-01612,OPP-000601,SOC2 Starter,119.17,2025-08-28,,active
SUB-000181,ACC-01226,OPP-000603,SOC2 Starter,90.54,2026-02-11,,active
SUB-000182,ACC-01539,OPP-000606,SOC2 Starter,91.33,2025-10-07,,active
SUB-000183,ACC-01754,OPP-000607,SOC2 Starter,88.57,2024-02-11,,active
SUB-000184,ACC-00651,OPP-000608,SOC2 + ISO 27001,210.55,2025-04-08,,active
SUB-000185,ACC-01161,OPP-000610,SOC2 Starter,127.04,2025-03-25,,active
SUB-000186,ACC-00132,OPP-000612,SOC2 Starter,109.44,2025-02-08,,active
SUB-000187,ACC-00015,OPP-000618,Enterprise Multi-Framework,676.73,2024-10-17,,active
SUB-000188,ACC-00719,OPP-000619,SOC2 + ISO 27001,272.91,2025-09-16,,active
SUB-000189,ACC-00024,OPP-000628,Enterprise Multi-Framework,552.36,2024-10-08,,active
SUB-000190,ACC-00796,OPP-000632,SOC2 Starter,89.75,2025-08-28,,active
SUB-000191,ACC-01323,OPP-000633,SOC2 Starter,101.89,2024-11-25,,active
SUB-000192,ACC-00704,OPP-000636,SOC2 Starter,121.66,2024-06-16,,active
SUB-000193,ACC-00946,OPP-000637,SOC2 Starter,103.06,2025-09-27,,active
SUB-000194,ACC-01193,OPP-000644,SOC2 Starter,98.35,2024-04-13,2024-07-12,churned
SUB-000195,ACC-00521,OPP-000648,SOC2 Starter,120.25,2025-07-15,,active
SUB-000196,ACC-00541,OPP-000650,SOC2 Starter,122.62,2024-10-29,,active
SUB-000197,ACC-00415,OPP-000653,SOC2 Starter,103.96,2026-04-27,,active
SUB-000198,ACC-00383,OPP-000654,SOC2 Starter,88.12,2025-01-19,,active
SUB-000199,ACC-00233,OPP-000657,SOC2 Starter,123.15,2026-03-07,,active
SUB-000200,ACC-01522,OPP-000658,Enterprise Multi-Framework,500.3,2025-01-17,,active
SUB-000201,ACC-01664,OPP-000660,SOC2 Starter,103.4,2025-03-11,,active
SUB-000202,ACC-00627,OPP-000663,SOC2 Starter,106.08,2025-07-16,,active
SUB-000203,ACC-00032,OPP-000664,SOC2 Starter,91.49,2024-06-01,,active
SUB-000204,ACC-00661,OPP-000666,SOC2 Starter,126.65,2026-01-23,,active
SUB-000205,ACC-00109,OPP-000671,SOC2 Starter,118.19,2025-03-28,,active
SUB-000206,ACC-01784,OPP-000673,SOC2 Starter,85.78,2025-01-05,,active
SUB-000207,ACC-00027,OPP-000674,SOC2 + ISO 27001,301.05,2024-04-23,,active
SUB-000208,ACC-00601,OPP-000675,SOC2 Starter,104.64,2026-05-19,,active
SUB-000209,ACC-00549,OPP-000687,SOC2 + ISO 27001,274.87,2025-08-02,,active
SUB-000210,ACC-00441,OPP-000688,SOC2 Starter,128.65,2026-05-11,,active
SUB-000211,ACC-01077,OPP-000689,SOC2 Starter,123.68,2024-05-13,,active
SUB-000212,ACC-00987,OPP-000690,SOC2 Starter,90.6,2024-08-29,,active
SUB-000213,ACC-00161,OPP-000703,SOC2 Starter,88.84,2026-02-22,,active
SUB-000214,ACC-00015,OPP-000705,SOC2 Starter,119.93,2025-09-12,,active
SUB-000215,ACC-01149,OPP-000708,SOC2 Starter,126.66,2025-10-03,,active
SUB-000216,ACC-00380,OPP-000711,SOC2 Starter,88.98,2026-01-30,,active
SUB-000217,ACC-01416,OPP-000715,SOC2 Starter,116.27,2025-10-27,,active
SUB-000218,ACC-01371,OPP-000717,Enterprise Multi-Framework,592.05,2026-04-18,,active
SUB-000219,ACC-01624,OPP-000719,SOC2 Starter,104.16,2025-12-01,,active
SUB-000220,ACC-01494,OPP-000721,SOC2 Starter,113.45,2024-07-15,,active
SUB-000221,ACC-00174,OPP-000725,SOC2 Starter,96.49,2024-09-08,,active
SUB-000222,ACC-00897,OPP-000726,SOC2 + ISO 27001,211.79,2025-08-31,,active
SUB-000223,ACC-00454,OPP-000729,SOC2 + ISO 27001,300.63,2025-06-25,,active
SUB-000224,ACC-00835,OPP-000731,SOC2 Starter,101.19,2026-06-10,,active
SUB-000225,ACC-00742,OPP-000736,SOC2 Starter,100.26,2026-04-11,,active
SUB-000226,ACC-00341,OPP-000739,SOC2 Starter,97.09,2024-11-13,,active
SUB-000227,ACC-01617,OPP-000742,SOC2 Starter,102.91,2024-05-12,,active
SUB-000228,ACC-00032,OPP-000747,SOC2 Starter,122.15,2025-05-03,,active
SUB-000229,ACC-00775,OPP-000752,SOC2 Starter,85.48,2025-08-03,,active
SUB-000230,ACC-01365,OPP-000753,SOC2 Starter,100.34,2024-10-14,,active
SUB-000231,ACC-00188,OPP-000759,SOC2 Starter,116.07,2026-06-03,,active
SUB-000232,ACC-01587,OPP-000762,SOC2 Starter,124.2,2026-03-09,,active
SUB-000233,ACC-00627,OPP-000767,Enterprise Multi-Framework,555.56,2024-02-07,,active
SUB-000234,ACC-00144,OPP-000770,SOC2 Starter,123.24,2025-08-02,,active
SUB-000235,ACC-00151,OPP-000775,SOC2 Starter,95.63,2026-04-19,,active
SUB-000236,ACC-01232,OPP-000778,SOC2 + ISO 27001,247.86,2024-06-19,,active
SUB-000237,ACC-00673,OPP-000779,SOC2 Starter,122.69,2024-10-10,,active
SUB-000238,ACC-01238,OPP-000784,SOC2 Starter,119.47,2024-08-10,,active
SUB-000239,ACC-01062,OPP-000785,SOC2 Starter,127.94,2025-02-09,,active
SUB-000240,ACC-01277,OPP-000787,SOC2 Starter,98.1,2024-06-17,,active
SUB-000241,ACC-00704,OPP-000789,Enterprise Multi-Framework,541.84,2024-05-20,,active
SUB-000242,ACC-00001,OPP-000795,SOC2 Starter,114.43,2025-05-07,,active
SUB-000243,ACC-00843,OPP-000800,Enterprise Multi-Framework,556.05,2025-08-12,,active
SUB-000244,ACC-01154,OPP-000805,SOC2 + ISO 27001,238.26,2026-04-12,,active
SUB-000245,ACC-00100,OPP-000806,SOC2 Starter,123.88,2026-02-19,,active
SUB-000246,ACC-00164,OPP-000810,SOC2 + ISO 27001,212.3,2026-03-06,,active
SUB-000247,ACC-00359,OPP-000817,SOC2 Starter,103.65,2024-08-05,2026-03-28,churned
SUB-000248,ACC-01325,OPP-000827,SOC2 Starter,119.14,2024-09-17,,active
SUB-000249,ACC-00107,OPP-000831,SOC2 Starter,117.06,2024-07-17,,active
SUB-000250,ACC-00160,OPP-000832,SOC2 Starter,113.23,2025-01-05,,active
SUB-000251,ACC-00647,OPP-000835,SOC2 Starter,119.37,2025-10-11,,active
SUB-000252,ACC-01603,OPP-000836,SOC2 Starter,85.74,2026-04-18,,active
SUB-000253,ACC-00754,OPP-000842,Enterprise Multi-Framework,533.92,2025-12-25,,active
SUB-000254,ACC-00097,OPP-000856,SOC2 Starter,102.95,2025-12-06,,active
SUB-000255,ACC-00532,OPP-000857,SOC2 Starter,92.55,2024-05-30,,active
SUB-000256,ACC-01337,OPP-000860,SOC2 Starter,93.14,2024-11-12,,active
SUB-000257,ACC-01551,OPP-000861,SOC2 Starter,115.65,2024-09-22,,active
SUB-000258,ACC-00136,OPP-000864,SOC2 Starter,104.93,2025-07-13,2026-03-10,churned
SUB-000259,ACC-00861,OPP-000865,SOC2 Starter,96.16,2024-11-26,,active
SUB-000260,ACC-01403,OPP-000866,SOC2 + ISO 27001,206.74,2025-12-23,,active
SUB-000261,ACC-01756,OPP-000870,SOC2 Starter,123.31,2025-11-21,,active
SUB-000262,ACC-00929,OPP-000873,SOC2 Starter,109.45,2024-10-25,,active
SUB-000263,ACC-00647,OPP-000883,SOC2 + ISO 27001,262.58,2025-04-19,,active
SUB-000264,ACC-00316,OPP-000885,SOC2 Starter,100.62,2025-11-30,,active
SUB-000265,ACC-00870,OPP-000887,SOC2 Starter,106.2,2024-09-30,2026-05-23,churned
SUB-000266,ACC-01677,OPP-000888,SOC2 Starter,121.41,2026-01-08,,active
SUB-000267,ACC-01345,OPP-000906,Enterprise Multi-Framework,637.01,2025-06-18,,active
SUB-000268,ACC-01661,OPP-000908,SOC2 Starter,112.45,2026-02-13,,active
SUB-000269,ACC-00310,OPP-000910,SOC2 Starter,101.26,2025-12-31,,active
SUB-000270,ACC-01593,OPP-000912,Enterprise Multi-Framework,659.39,2025-04-28,,active
SUB-000271,ACC-01180,OPP-000915,Enterprise Multi-Framework,512.94,2024-09-12,2026-02-04,churned
SUB-000272,ACC-00410,OPP-000916,SOC2 Starter,104.58,2025-10-20,,active
SUB-000273,ACC-01442,OPP-000919,Enterprise Multi-Framework,580.04,2024-12-18,,active
SUB-000274,ACC-01312,OPP-000921,SOC2 Starter,98.58,2024-05-14,,active
SUB-000275,ACC-00990,OPP-000922,SOC2 Starter,123.18,2025-12-22,,active
SUB-000276,ACC-00422,OPP-000925,Enterprise Multi-Framework,483.86,2025-08-08,,active
SUB-000277,ACC-01373,OPP-000926,SOC2 Starter,96.52,2026-02-20,,active
SUB-000278,ACC-00214,OPP-000927,SOC2 Starter,126.4,2025-12-21,,active
SUB-000279,ACC-00860,OPP-000934,SOC2 Starter,95.16,2024-06-30,2025-11-22,churned
SUB-000280,ACC-01584,OPP-000936,SOC2 Starter,92.94,2024-12-24,,active
SUB-000281,ACC-01790,OPP-000937,SOC2 Starter,127.91,2025-10-27,,active
SUB-000282,ACC-00203,OPP-000944,SOC2 + ISO 27001,301.2,2025-08-16,,active
SUB-000283,ACC-01695,OPP-000946,SOC2 + ISO 27001,227.92,2026-02-27,,active
SUB-000284,ACC-00059,OPP-000948,SOC2 Starter,113.58,2026-02-01,,active
SUB-000285,ACC-00507,OPP-000955,SOC2 Starter,109.21,2026-03-14,,active
SUB-000286,ACC-01285,OPP-000957,SOC2 Starter,87.76,2025-09-01,,active
SUB-000287,ACC-00552,OPP-000960,SOC2 Starter,111.03,2025-12-31,,active
SUB-000288,ACC-01739,OPP-000963,SOC2 Starter,109.21,2026-03-10,,active
SUB-000289,ACC-00658,OPP-000970,SOC2 Starter,113.63,2025-11-04,,active
SUB-000290,ACC-01562,OPP-000981,Enterprise Multi-Framework,491.82,2024-08-27,,active
SUB-000291,ACC-00705,OPP-000982,Enterprise Multi-Framework,593.81,2024-09-10,,active
SUB-000292,ACC-00870,OPP-000983,SOC2 Starter,116.25,2025-01-03,,active
SUB-000293,ACC-00806,OPP-000987,SOC2 + ISO 27001,203.65,2024-05-18,,active
SUB-000294,ACC-00737,OPP-000988,SOC2 Starter,97.93,2024-09-15,,active
SUB-000295,ACC-00982,OPP-000989,SOC2 Starter,127.48,2024-05-07,2025-10-29,churned
SUB-000296,ACC-00030,OPP-000993,SOC2 Starter,93.76,2025-04-01,,active
SUB-000297,ACC-00648,OPP-000994,SOC2 Starter,129.28,2024-08-07,,active
SUB-000298,ACC-01045,OPP-001000,SOC2 Starter,92.91,2024-06-24,,active
SUB-000299,ACC-01042,OPP-001003,SOC2 Starter,90.32,2025-07-25,,active
SUB-000300,ACC-00335,OPP-001008,SOC2 Starter,93.59,2024-06-28,,active
SUB-000301,ACC-00712,OPP-001028,SOC2 Starter,102.24,2025-05-02,,active
SUB-000302,ACC-00069,OPP-001032,SOC2 + ISO 27001,198.64,2025-11-13,,active
SUB-000303,ACC-00551,OPP-001038,SOC2 Starter,90.88,2024-07-03,,active
SUB-000304,ACC-00406,OPP-001039,Enterprise Multi-Framework,654.02,2025-08-11,,active
SUB-000305,ACC-00639,OPP-001040,SOC2 Starter,121.99,2024-11-27,,active
SUB-000306,ACC-00504,OPP-001041,SOC2 Starter,92.58,2026-05-25,,active
SUB-000307,ACC-00831,OPP-001043,SOC2 + ISO 27001,236.72,2025-04-19,,active
SUB-000308,ACC-00414,OPP-001056,SOC2 Starter,87.76,2024-02-22,2024-05-22,churned
SUB-000309,ACC-00490,OPP-001057,SOC2 + ISO 27001,287.85,2026-06-01,,active
SUB-000310,ACC-01212,OPP-001059,SOC2 Starter,98.56,2025-07-29,2026-04-25,churned
SUB-000311,ACC-01512,OPP-001063,SOC2 Starter,91.69,2024-04-25,,active
SUB-000312,ACC-01416,OPP-001064,SOC2 Starter,93.58,2025-07-24,,active
SUB-000313,ACC-00142,OPP-001071,SOC2 Starter,105.92,2026-05-06,,active
SUB-000314,ACC-00340,OPP-001078,SOC2 Starter,108.49,2025-01-16,,active
SUB-000315,ACC-01408,OPP-001082,SOC2 Starter,100.23,2024-11-11,,active
SUB-000316,ACC-01562,OPP-001090,Enterprise Multi-Framework,577.96,2025-04-02,,active
SUB-000317,ACC-01473,OPP-001095,SOC2 Starter,109.65,2024-11-27,,active
SUB-000318,ACC-01645,OPP-001099,Enterprise Multi-Framework,475.55,2024-02-07,2024-11-03,churned
SUB-000319,ACC-01537,OPP-001100,SOC2 Starter,98.65,2025-03-23,,active
SUB-000320,ACC-01040,OPP-001102,SOC2 Starter,118.25,2024-08-31,,active
SUB-000321,ACC-01165,OPP-001103,SOC2 + ISO 27001,284.59,2024-07-25,,active
SUB-000322,ACC-01723,OPP-001107,SOC2 Starter,122.88,2025-08-24,,active
SUB-000323,ACC-00546,OPP-001108,SOC2 Starter,115.41,2024-11-26,,active
SUB-000324,ACC-00843,OPP-001109,SOC2 Starter,126.12,2026-02-22,,active
SUB-000325,ACC-00477,OPP-001114,SOC2 Starter,108.59,2024-08-09,2025-10-03,churned
SUB-000326,ACC-01505,OPP-001115,SOC2 Starter,98.25,2025-10-11,,active
SUB-000327,ACC-01596,OPP-001119,SOC2 Starter,117.94,2026-03-10,,active
SUB-000328,ACC-01461,OPP-001121,SOC2 Starter,90.85,2024-07-05,,active
SUB-000329,ACC-01640,OPP-001123,SOC2 + ISO 27001,274.77,2025-05-10,,active
SUB-000330,ACC-01539,OPP-001130,SOC2 + ISO 27001,209.36,2024-06-26,,active
SUB-000331,ACC-01756,OPP-001131,SOC2 Starter,116.39,2024-11-18,,active
SUB-000332,ACC-00410,OPP-001133,SOC2 Starter,91.53,2025-08-23,,active
SUB-000333,ACC-01342,OPP-001138,SOC2 Starter,124.21,2024-12-28,,active
SUB-000334,ACC-00305,OPP-001144,SOC2 Starter,95.93,2026-03-25,,active
SUB-000335,ACC-00171,OPP-001151,SOC2 Starter,101.0,2025-05-02,,active
SUB-000336,ACC-01698,OPP-001153,SOC2 Starter,111.53,2025-10-13,,active
SUB-000337,ACC-00801,OPP-001158,SOC2 Starter,108.79,2024-08-28,,active
SUB-000338,ACC-00801,OPP-001160,SOC2 Starter,117.22,2025-10-16,,active
SUB-000339,ACC-00100,OPP-001162,SOC2 Starter,113.16,2025-04-17,,active
SUB-000340,ACC-00074,OPP-001164,SOC2 Starter,121.0,2025-08-19,,active
SUB-000341,ACC-01199,OPP-001165,SOC2 Starter,90.71,2026-05-13,,active
SUB-000342,ACC-01099,OPP-001169,SOC2 Starter,95.67,2024-10-29,,active
SUB-000343,ACC-01761,OPP-001174,SOC2 Starter,109.23,2024-12-04,,active
SUB-000344,ACC-01687,OPP-001175,SOC2 Starter,111.25,2024-10-21,,active
SUB-000345,ACC-00583,OPP-001179,SOC2 Starter,89.71,2026-01-13,,active
SUB-000346,ACC-01009,OPP-001181,SOC2 Starter,96.21,2026-02-23,,active
SUB-000347,ACC-00294,OPP-001182,SOC2 Starter,121.57,2026-05-28,,active
SUB-000348,ACC-00830,OPP-001183,SOC2 + ISO 27001,234.82,2025-05-25,,active
SUB-000349,ACC-00910,OPP-001188,Enterprise Multi-Framework,653.37,2024-09-17,,active
SUB-000350,ACC-00513,OPP-001192,SOC2 Starter,111.33,2024-02-16,,active
SUB-000351,ACC-01109,OPP-001194,SOC2 Starter,113.75,2026-06-20,,active
SUB-000352,ACC-00447,OPP-001199,SOC2 Starter,92.13,2025-07-29,,active
SUB-000353,ACC-01681,OPP-001203,SOC2 + ISO 27001,297.6,2025-01-01,,active
SUB-000354,ACC-00520,OPP-001209,SOC2 Starter,90.39,2025-02-17,,active
SUB-000355,ACC-01774,OPP-001212,SOC2 Starter,106.57,2025-06-29,,active
SUB-000356,ACC-01081,OPP-001216,SOC2 + ISO 27001,277.46,2025-09-02,,active
SUB-000357,ACC-01645,OPP-001219,SOC2 Starter,121.94,2024-01-17,,active
SUB-000358,ACC-01677,OPP-001223,SOC2 Starter,123.64,2024-05-26,2024-09-23,churned
SUB-000359,ACC-00428,OPP-001224,SOC2 Starter,96.39,2026-03-18,,active
SUB-000360,ACC-00576,OPP-001225,SOC2 Starter,104.56,2024-02-18,2025-06-12,churned
SUB-000361,ACC-01042,OPP-001227,SOC2 Starter,98.58,2025-02-27,,active
SUB-000362,ACC-00801,OPP-001230,SOC2 Starter,88.87,2024-05-24,,active
SUB-000363,ACC-00774,OPP-001231,Enterprise Multi-Framework,603.78,2024-03-23,,active
SUB-000364,ACC-00671,OPP-001232,Enterprise Multi-Framework,540.87,2025-11-14,,active
SUB-000365,ACC-01230,OPP-001233,SOC2 Starter,121.32,2024-09-04,,active
SUB-000366,ACC-00610,OPP-001235,SOC2 Starter,105.33,2024-10-21,,active
SUB-000367,ACC-00815,OPP-001243,SOC2 Starter,114.77,2024-07-05,,active
SUB-000368,ACC-01416,OPP-001245,SOC2 Starter,123.59,2025-02-27,,active
SUB-000369,ACC-01744,OPP-001247,SOC2 Starter,128.76,2025-10-24,,active
SUB-000370,ACC-00955,OPP-001249,SOC2 Starter,123.13,2025-12-29,,active
SUB-000371,ACC-01081,OPP-001257,Enterprise Multi-Framework,699.62,2024-05-02,,active
SUB-000372,ACC-00806,OPP-001261,SOC2 + ISO 27001,247.1,2024-09-16,,active
SUB-000373,ACC-01063,OPP-001264,SOC2 Starter,105.52,2026-05-25,,active
SUB-000374,ACC-00054,OPP-001266,SOC2 Starter,119.98,2026-04-27,,active
SUB-000375,ACC-01170,OPP-001277,SOC2 Starter,121.21,2024-07-31,,active
SUB-000376,ACC-01406,OPP-001281,Enterprise Multi-Framework,668.02,2024-12-03,,active
SUB-000377,ACC-00184,OPP-001286,SOC2 Starter,94.56,2024-08-18,,active
SUB-000378,ACC-00194,OPP-001289,SOC2 Starter,111.64,2026-01-20,,active
SUB-000379,ACC-01274,OPP-001292,Enterprise Multi-Framework,701.15,2024-07-08,,active
SUB-000380,ACC-00125,OPP-001293,Enterprise Multi-Framework,696.1,2025-05-21,,active
SUB-000381,ACC-00853,OPP-001296,SOC2 Starter,118.09,2025-04-17,,active
SUB-000382,ACC-01638,OPP-001300,SOC2 Starter,98.18,2026-01-16,,active
SUB-000383,ACC-01004,OPP-001301,SOC2 Starter,125.89,2025-12-30,2026-06-28,churned
SUB-000384,ACC-01342,OPP-001306,SOC2 Starter,123.26,2025-01-05,,active
SUB-000385,ACC-01742,OPP-001318,SOC2 Starter,129.8,2024-05-19,,active
SUB-000386,ACC-01242,OPP-001319,Enterprise Multi-Framework,625.41,2025-04-07,,active
SUB-000387,ACC-00980,OPP-001322,SOC2 Starter,88.71,2024-09-11,,active
SUB-000388,ACC-01455,OPP-001327,SOC2 Starter,86.67,2025-04-27,,active
SUB-000389,ACC-01579,OPP-001329,SOC2 Starter,126.64,2024-07-01,,active
SUB-000390,ACC-00018,OPP-001330,SOC2 Starter,99.71,2025-10-24,,active
SUB-000391,ACC-00480,OPP-001336,SOC2 + ISO 27001,277.03,2025-10-14,,active
SUB-000392,ACC-00756,OPP-001341,SOC2 Starter,94.96,2024-06-21,,active
SUB-000393,ACC-01489,OPP-001342,SOC2 Starter,95.84,2025-01-19,,active
SUB-000394,ACC-01260,OPP-001346,SOC2 Starter,109.45,2025-06-06,,active
SUB-000395,ACC-00814,OPP-001347,SOC2 Starter,86.18,2024-06-16,2026-01-07,churned
SUB-000396,ACC-01619,OPP-001352,SOC2 Starter,113.21,2024-04-23,,active
SUB-000397,ACC-00288,OPP-001353,SOC2 Starter,98.75,2025-02-09,,active
SUB-000398,ACC-00542,OPP-001354,Enterprise Multi-Framework,474.97,2025-09-28,2026-05-26,churned
SUB-000399,ACC-00134,OPP-001360,SOC2 Starter,87.97,2025-07-28,,active
SUB-000400,ACC-00869,OPP-001361,SOC2 Starter,105.92,2025-10-28,,active
SUB-000401,ACC-00980,OPP-001362,SOC2 Starter,123.18,2025-05-11,,active
SUB-000402,ACC-00390,OPP-001369,SOC2 Starter,86.8,2025-07-05,,active
SUB-000403,ACC-01600,OPP-001371,SOC2 Starter,87.97,2024-10-04,,active
SUB-000404,ACC-01728,OPP-001372,SOC2 Starter,128.03,2025-12-15,,active
SUB-000405,ACC-00431,OPP-001374,SOC2 Starter,103.28,2024-10-19,,active
SUB-000406,ACC-01389,OPP-001376,SOC2 Starter,90.15,2024-06-30,2025-08-24,churned
SUB-000407,ACC-01190,OPP-001382,SOC2 Starter,114.11,2025-10-06,,active
SUB-000408,ACC-01018,OPP-001383,SOC2 Starter,114.08,2025-09-27,2026-04-25,churned
SUB-000409,ACC-01104,OPP-001388,Enterprise Multi-Framework,478.95,2026-03-28,,active
SUB-000410,ACC-00851,OPP-001393,SOC2 Starter,120.6,2024-11-01,,active
SUB-000411,ACC-01483,OPP-001395,SOC2 Starter,125.2,2026-01-03,,active
SUB-000412,ACC-00055,OPP-001397,SOC2 + ISO 27001,209.29,2025-01-05,,active
SUB-000413,ACC-00965,OPP-001398,SOC2 Starter,110.86,2025-08-22,,active
SUB-000414,ACC-01136,OPP-001399,SOC2 Starter,101.5,2025-04-06,,active
SUB-000415,ACC-00701,OPP-001400,SOC2 + ISO 27001,228.65,2026-03-13,,active
SUB-000416,ACC-00319,OPP-001402,SOC2 Starter,118.5,2024-05-31,,active
SUB-000417,ACC-01602,OPP-001403,SOC2 Starter,88.28,2025-06-13,,active
SUB-000418,ACC-01463,OPP-001405,SOC2 Starter,105.76,2025-08-06,,active
SUB-000419,ACC-01573,OPP-001410,SOC2 + ISO 27001,211.63,2024-07-31,,active
SUB-000420,ACC-00813,OPP-001411,Enterprise Multi-Framework,467.06,2024-03-18,,active
SUB-000421,ACC-00601,OPP-001420,SOC2 + ISO 27001,279.58,2024-08-10,2026-01-02,churned
SUB-000422,ACC-01030,OPP-001422,SOC2 Starter,94.3,2024-11-06,,active
SUB-000423,ACC-01085,OPP-001424,SOC2 Starter,107.22,2025-12-25,,active
SUB-000424,ACC-00513,OPP-001427,SOC2 Starter,127.07,2024-09-01,,active
SUB-000425,ACC-00637,OPP-001429,SOC2 Starter,111.46,2025-09-08,,active
SUB-000426,ACC-00849,OPP-001435,SOC2 Starter,103.61,2024-02-19,2024-11-15,churned
SUB-000427,ACC-01694,OPP-001436,SOC2 Starter,118.88,2024-09-22,,active
SUB-000428,ACC-00814,OPP-001437,Enterprise Multi-Framework,645.67,2024-05-25,,active
SUB-000429,ACC-00732,OPP-001438,SOC2 + ISO 27001,231.96,2024-08-12,,active
SUB-000430,ACC-01676,OPP-001446,Enterprise Multi-Framework,596.83,2024-08-18,,active
SUB-000431,ACC-00102,OPP-001451,SOC2 Starter,116.14,2024-06-19,,active
SUB-000432,ACC-01350,OPP-001452,SOC2 Starter,110.21,2024-03-15,,active
SUB-000433,ACC-00481,OPP-001453,Enterprise Multi-Framework,487.59,2026-01-01,,active
SUB-000434,ACC-01648,OPP-001454,Enterprise Multi-Framework,515.91,2026-02-02,,active
SUB-000435,ACC-00215,OPP-001460,SOC2 Starter,120.97,2025-02-27,,active
SUB-000436,ACC-01280,OPP-001462,SOC2 Starter,129.79,2024-04-22,,active
SUB-000437,ACC-01593,OPP-001463,SOC2 Starter,101.17,2024-12-23,,active
SUB-000438,ACC-01456,OPP-001465,SOC2 + ISO 27001,302.98,2024-11-01,,active
SUB-000439,ACC-00488,OPP-001466,Enterprise Multi-Framework,671.28,2024-01-31,,active
SUB-000440,ACC-00809,OPP-001468,SOC2 Starter,109.6,2025-12-03,,active
SUB-000441,ACC-00981,OPP-001472,SOC2 Starter,126.07,2025-12-14,,active
SUB-000442,ACC-00404,OPP-001481,SOC2 + ISO 27001,214.64,2024-07-14,,active
SUB-000443,ACC-00303,OPP-001483,SOC2 Starter,98.57,2026-04-19,,active
SUB-000444,ACC-00446,OPP-001489,Enterprise Multi-Framework,633.23,2025-02-15,,active
SUB-000445,ACC-00780,OPP-001491,SOC2 Starter,113.27,2024-03-25,,active
SUB-000446,ACC-01437,OPP-001492,Enterprise Multi-Framework,614.9,2025-06-10,,active
SUB-000447,ACC-00356,OPP-001496,Enterprise Multi-Framework,562.21,2024-03-01,2024-07-29,churned
SUB-000448,ACC-00660,OPP-001499,SOC2 Starter,94.76,2025-02-28,,active
SUB-000449,ACC-00559,OPP-001502,SOC2 Starter,118.86,2024-10-02,,active
SUB-000450,ACC-01625,OPP-001503,Enterprise Multi-Framework,523.71,2025-12-21,,active
SUB-000451,ACC-01418,OPP-001524,SOC2 + ISO 27001,208.51,2024-04-10,,active
SUB-000452,ACC-00946,OPP-001525,SOC2 Starter,113.66,2025-05-30,,active
SUB-000453,ACC-01223,OPP-001526,SOC2 Starter,101.62,2025-08-14,,active
SUB-000454,ACC-00450,OPP-001531,SOC2 Starter,125.98,2025-11-01,,active
SUB-000455,ACC-00739,OPP-001534,SOC2 Starter,120.01,2025-09-05,,active
SUB-000456,ACC-00202,OPP-001539,SOC2 Starter,121.0,2026-06-01,,active
SUB-000457,ACC-01517,OPP-001541,SOC2 Starter,91.26,2024-11-28,,active
SUB-000458,ACC-00009,OPP-001543,SOC2 Starter,120.24,2024-08-25,2024-11-23,churned
SUB-000459,ACC-01013,OPP-001547,SOC2 Starter,101.95,2025-04-29,,active
SUB-000460,ACC-01146,OPP-001551,SOC2 Starter,104.0,2024-04-30,,active
SUB-000461,ACC-00101,OPP-001552,Enterprise Multi-Framework,524.51,2026-04-20,,active
SUB-000462,ACC-00418,OPP-001555,SOC2 Starter,118.79,2026-04-23,,active
SUB-000463,ACC-00174,OPP-001560,SOC2 Starter,126.33,2024-04-19,,active
SUB-000464,ACC-00606,OPP-001573,SOC2 Starter,98.5,2024-10-11,,active
SUB-000465,ACC-01176,OPP-001582,SOC2 + ISO 27001,209.45,2024-04-27,,active
SUB-000466,ACC-00670,OPP-001585,SOC2 Starter,87.51,2025-02-07,,active
SUB-000467,ACC-00434,OPP-001587,SOC2 Starter,100.7,2025-03-23,,active
SUB-000468,ACC-00337,OPP-001589,SOC2 Starter,94.36,2024-05-23,2025-04-18,churned
SUB-000469,ACC-01276,OPP-001591,Enterprise Multi-Framework,693.05,2025-06-28,,active
SUB-000470,ACC-01494,OPP-001602,SOC2 Starter,102.88,2024-10-06,,active
SUB-000471,ACC-01719,OPP-001603,Enterprise Multi-Framework,651.08,2025-08-10,,active
SUB-000472,ACC-00057,OPP-001606,SOC2 Starter,119.47,2024-03-05,,active
SUB-000473,ACC-00619,OPP-001618,SOC2 Starter,88.58,2024-09-09,2025-10-04,churned
SUB-000474,ACC-01471,OPP-001620,SOC2 Starter,115.27,2024-03-26,2025-10-17,churned
SUB-000475,ACC-01341,OPP-001622,Enterprise Multi-Framework,548.69,2024-10-28,2025-07-25,churned
SUB-000476,ACC-01285,OPP-001626,SOC2 + ISO 27001,255.79,2024-04-07,,active
SUB-000477,ACC-01374,OPP-001630,SOC2 Starter,101.43,2025-01-07,,active
SUB-000478,ACC-01152,OPP-001640,SOC2 Starter,106.45,2026-02-19,,active
SUB-000479,ACC-01395,OPP-001644,SOC2 + ISO 27001,262.39,2026-02-10,,active
SUB-000480,ACC-01797,OPP-001645,SOC2 Starter,92.49,2024-06-30,,active
SUB-000481,ACC-01031,OPP-001647,SOC2 Starter,107.94,2025-10-13,,active
SUB-000482,ACC-00031,OPP-001654,SOC2 Starter,119.42,2024-06-30,,active
SUB-000483,ACC-01653,OPP-001658,SOC2 Starter,100.63,2026-01-05,,active
SUB-000484,ACC-00926,OPP-001662,Enterprise Multi-Framework,493.79,2025-12-13,,active
SUB-000485,ACC-01483,OPP-001666,SOC2 Starter,95.79,2024-08-06,,active
SUB-000486,ACC-00036,OPP-001677,SOC2 Starter,129.15,2024-09-12,,active
SUB-000487,ACC-00975,OPP-001678,SOC2 Starter,111.82,2025-04-03,,active
SUB-000488,ACC-00904,OPP-001681,SOC2 Starter,96.58,2024-08-08,,active
SUB-000489,ACC-01551,OPP-001683,SOC2 Starter,95.33,2025-09-30,,active
SUB-000490,ACC-01772,OPP-001684,SOC2 Starter,88.1,2024-08-31,,active
SUB-000491,ACC-00990,OPP-001685,Enterprise Multi-Framework,473.08,2026-02-22,,active
SUB-000492,ACC-01360,OPP-001687,SOC2 + ISO 27001,215.06,2024-07-25,,active
SUB-000493,ACC-01398,OPP-001689,SOC2 Starter,108.73,2024-08-04,,active
SUB-000494,ACC-00246,OPP-001693,SOC2 Starter,120.1,2024-08-28,,active
SUB-000495,ACC-00654,OPP-001695,SOC2 + ISO 27001,257.54,2024-12-03,,active
SUB-000496,ACC-01696,OPP-001698,SOC2 Starter,118.32,2024-04-22,,active
SUB-000497,ACC-01563,OPP-001699,SOC2 Starter,91.02,2024-10-03,,active
SUB-000498,ACC-00043,OPP-001710,SOC2 Starter,114.94,2024-06-02,2025-08-26,churned
SUB-000499,ACC-01101,OPP-001713,SOC2 + ISO 27001,302.68,2025-07-04,,active
SUB-000500,ACC-00796,OPP-001716,SOC2 Starter,109.12,2024-11-07,,active
SUB-000501,ACC-00422,OPP-001719,SOC2 Starter,104.83,2026-06-16,,active
SUB-000502,ACC-00771,OPP-001723,SOC2 + ISO 27001,235.49,2024-04-09,,active
SUB-000503,ACC-01219,OPP-001724,SOC2 Starter,129.96,2025-04-02,2025-07-01,churned
SUB-000504,ACC-01748,OPP-001725,SOC2 Starter,92.16,2026-01-17,,active
SUB-000505,ACC-00455,OPP-001733,SOC2 Starter,102.1,2026-03-04,,active
SUB-000506,ACC-00703,OPP-001734,SOC2 Starter,89.31,2026-05-27,,active
SUB-000507,ACC-01520,OPP-001735,SOC2 Starter,89.2,2025-04-17,,active
SUB-000508,ACC-00125,OPP-001737,Enterprise Multi-Framework,519.15,2026-05-14,,active
SUB-000509,ACC-01199,OPP-001743,SOC2 Starter,116.17,2024-11-23,,active
SUB-000510,ACC-01392,OPP-001748,Enterprise Multi-Framework,617.03,2025-07-17,,active
SUB-000511,ACC-01348,OPP-001756,SOC2 Starter,102.44,2024-10-01,,active
SUB-000512,ACC-01430,OPP-001761,SOC2 Starter,103.73,2026-03-20,,active
SUB-000513,ACC-01170,OPP-001762,SOC2 Starter,98.93,2025-08-20,2026-05-17,churned
SUB-000514,ACC-01669,OPP-001764,Enterprise Multi-Framework,573.02,2026-03-01,,active
SUB-000515,ACC-01079,OPP-001767,SOC2 + ISO 27001,204.88,2025-07-17,,active
SUB-000516,ACC-00043,OPP-001768,SOC2 Starter,117.62,2024-04-20,,active
SUB-000517,ACC-01504,OPP-001771,SOC2 Starter,111.46,2025-06-06,,active
SUB-000518,ACC-00082,OPP-001773,SOC2 Starter,120.62,2026-03-07,,active
SUB-000519,ACC-00230,OPP-001775,SOC2 Starter,128.65,2025-04-10,,active
SUB-000520,ACC-01209,OPP-001776,SOC2 Starter,105.07,2024-08-05,2025-01-02,churned
SUB-000521,ACC-00618,OPP-001778,SOC2 Starter,116.77,2024-06-05,,active
SUB-000522,ACC-00291,OPP-001780,SOC2 Starter,116.29,2024-03-02,2024-10-28,churned
SUB-000523,ACC-00708,OPP-001781,SOC2 Starter,91.37,2024-01-19,,active
SUB-000524,ACC-00256,OPP-001784,SOC2 Starter,89.05,2024-02-10,2025-10-02,churned
SUB-000525,ACC-00423,OPP-001785,SOC2 Starter,120.02,2025-02-19,2026-06-14,churned
SUB-000526,ACC-00121,OPP-001801,SOC2 Starter,113.94,2024-06-09,,active
SUB-000527,ACC-01613,OPP-001808,SOC2 Starter,95.47,2025-03-27,2026-06-20,churned
SUB-000528,ACC-00162,OPP-001811,SOC2 + ISO 27001,286.3,2025-06-30,,active
SUB-000529,ACC-00434,OPP-001812,SOC2 Starter,109.7,2024-03-07,,active
SUB-000530,ACC-00128,OPP-001817,SOC2 Starter,94.94,2024-12-10,,active
SUB-000531,ACC-00073,OPP-001818,SOC2 Starter,115.48,2025-05-20,,active
SUB-000532,ACC-00338,OPP-001821,Enterprise Multi-Framework,484.9,2024-12-12,,active
SUB-000533,ACC-01031,OPP-001823,SOC2 Starter,104.43,2024-02-08,,active
SUB-000534,ACC-00527,OPP-001825,Enterprise Multi-Framework,509.6,2025-12-02,,active
SUB-000535,ACC-00788,OPP-001836,SOC2 Starter,120.32,2025-06-19,,active
SUB-000536,ACC-00452,OPP-001845,SOC2 Starter,126.93,2026-06-07,,active
SUB-000537,ACC-00667,OPP-001860,SOC2 Starter,121.86,2025-01-07,,active
SUB-000538,ACC-00818,OPP-001861,SOC2 Starter,104.81,2026-03-11,,active
SUB-000539,ACC-01663,OPP-001862,SOC2 Starter,115.16,2024-10-31,,active
SUB-000540,ACC-00861,OPP-001866,SOC2 Starter,96.0,2025-12-13,,active
SUB-000541,ACC-00792,OPP-001871,SOC2 + ISO 27001,273.08,2024-06-21,,active
SUB-000542,ACC-01773,OPP-001874,SOC2 Starter,115.26,2025-01-29,,active
SUB-000543,ACC-00652,OPP-001876,SOC2 Starter,88.03,2025-11-26,,active
SUB-000544,ACC-01352,OPP-001877,Enterprise Multi-Framework,513.25,2024-04-01,,active
SUB-000545,ACC-00742,OPP-001882,SOC2 Starter,86.44,2024-09-02,2025-04-30,churned
SUB-000546,ACC-01062,OPP-001885,SOC2 Starter,120.82,2025-06-06,,active
SUB-000547,ACC-01167,OPP-001888,SOC2 Starter,128.71,2026-06-11,,active
SUB-000548,ACC-01524,OPP-001889,SOC2 Starter,121.07,2025-03-30,2026-02-23,churned
SUB-000549,ACC-00196,OPP-001893,SOC2 Starter,92.75,2025-04-21,,active
SUB-000550,ACC-00082,OPP-001900,SOC2 Starter,94.36,2025-06-15,2025-11-12,churned
SUB-000551,ACC-01591,OPP-001905,SOC2 Starter,104.08,2025-09-20,,active
SUB-000552,ACC-00854,OPP-001921,SOC2 + ISO 27001,260.17,2024-05-04,,active
SUB-000553,ACC-00468,OPP-001926,SOC2 Starter,97.27,2026-03-06,,active
SUB-000554,ACC-00869,OPP-001932,SOC2 Starter,118.8,2024-03-21,2025-09-12,churned
SUB-000555,ACC-00919,OPP-001933,SOC2 Starter,113.65,2024-05-13,,active
SUB-000556,ACC-00575,OPP-001935,SOC2 Starter,114.93,2024-03-29,,active
SUB-000557,ACC-01569,OPP-001938,SOC2 Starter,120.04,2025-06-04,,active
SUB-000558,ACC-00419,OPP-001941,Enterprise Multi-Framework,567.62,2025-05-16,,active
SUB-000559,ACC-00213,OPP-001945,SOC2 Starter,119.51,2026-04-21,,active
SUB-000560,ACC-01005,OPP-001947,SOC2 Starter,97.32,2025-10-22,,active
SUB-000561,ACC-00124,OPP-001948,SOC2 + ISO 27001,271.74,2025-05-05,2025-11-01,churned
SUB-000562,ACC-01541,OPP-001955,SOC2 Starter,114.1,2025-05-05,,active
SUB-000563,ACC-01117,OPP-001958,SOC2 Starter,129.44,2024-04-05,,active
SUB-000564,ACC-01188,OPP-001966,SOC2 Starter,85.81,2026-06-07,,active
SUB-000565,ACC-01035,OPP-001967,SOC2 + ISO 27001,237.25,2026-01-14,,active
SUB-000566,ACC-00519,OPP-001972,SOC2 Starter,109.99,2024-02-18,2025-08-11,churned
SUB-000567,ACC-01650,OPP-001973,SOC2 Starter,91.5,2024-05-27,,active
SUB-000568,ACC-01548,OPP-001977,SOC2 Starter,93.82,2025-07-05,,active
SUB-000569,ACC-00431,OPP-001980,SOC2 Starter,129.9,2026-01-12,,active
SUB-000570,ACC-01005,OPP-001983,Enterprise Multi-Framework,607.55,2026-05-22,,active
SUB-000571,ACC-00316,OPP-001987,SOC2 Starter,88.97,2025-09-07,,active
SUB-000572,ACC-00988,OPP-001990,SOC2 Starter,114.34,2024-06-18,,active
SUB-000573,ACC-00870,OPP-001993,SOC2 Starter,116.91,2026-03-26,,active
SUB-000574,ACC-01688,OPP-001996,SOC2 Starter,98.55,2025-04-05,,active
SUB-000575,ACC-00820,OPP-001997,SOC2 Starter,103.13,2024-02-26,,active
SUB-000576,ACC-00449,OPP-002017,SOC2 Starter,96.63,2025-03-18,,active
SUB-000577,ACC-00653,OPP-002018,SOC2 Starter,89.32,2026-01-01,,active
SUB-000578,ACC-01642,OPP-002020,SOC2 Starter,105.12,2024-06-15,,active
SUB-000579,ACC-01156,OPP-002021,Enterprise Multi-Framework,479.71,2025-05-27,2026-05-22,churned
SUB-000580,ACC-00889,OPP-002022,SOC2 Starter,85.6,2024-09-20,,active
SUB-000581,ACC-01512,OPP-002023,SOC2 + ISO 27001,284.67,2025-07-05,2026-01-31,churned
SUB-000582,ACC-00786,OPP-002031,SOC2 Starter,91.74,2026-06-23,,active
SUB-000583,ACC-00557,OPP-002034,SOC2 + ISO 27001,235.42,2026-05-02,,active
SUB-000584,ACC-00631,OPP-002035,SOC2 + ISO 27001,265.69,2024-10-22,,active
SUB-000585,ACC-00689,OPP-002037,SOC2 Starter,120.36,2026-04-29,,active
SUB-000586,ACC-00312,OPP-002045,SOC2 Starter,88.72,2025-05-19,,active
SUB-000587,ACC-00371,OPP-002054,SOC2 + ISO 27001,242.1,2024-04-04,,active
SUB-000588,ACC-00985,OPP-002060,SOC2 Starter,126.69,2025-05-29,,active
SUB-000589,ACC-00699,OPP-002063,SOC2 + ISO 27001,294.8,2024-04-04,,active
SUB-000590,ACC-01267,OPP-002067,SOC2 Starter,97.67,2025-07-07,,active
SUB-000591,ACC-01585,OPP-002068,SOC2 Starter,104.25,2025-05-23,,active
SUB-000592,ACC-00336,OPP-002074,SOC2 + ISO 27001,246.24,2026-01-28,,active
SUB-000593,ACC-01271,OPP-002076,SOC2 Starter,116.45,2024-01-29,,active
SUB-000594,ACC-01778,OPP-002077,SOC2 Starter,108.5,2025-12-30,,active
SUB-000595,ACC-00699,OPP-002078,SOC2 Starter,113.56,2025-12-24,,active
SUB-000596,ACC-00256,OPP-002083,SOC2 + ISO 27001,211.39,2025-06-04,,active
SUB-000597,ACC-00885,OPP-002086,SOC2 Starter,128.33,2025-04-06,,active
SUB-000598,ACC-01061,OPP-002092,SOC2 + ISO 27001,205.86,2024-07-14,2025-01-10,churned
SUB-000599,ACC-01007,OPP-002093,SOC2 Starter,110.82,2025-01-05,2026-05-30,churned
SUB-000600,ACC-01587,OPP-002096,SOC2 Starter,109.71,2026-03-15,,active
SUB-000601,ACC-01780,OPP-002098,SOC2 Starter,108.42,2025-05-07,,active
SUB-000602,ACC-01462,OPP-002100,SOC2 Starter,111.75,2025-07-02,,active
SUB-000603,ACC-00006,OPP-002103,SOC2 Starter,112.46,2025-05-05,,active
SUB-000604,ACC-00364,OPP-002105,SOC2 Starter,129.76,2025-05-03,,active
SUB-000605,ACC-01330,OPP-002108,SOC2 Starter,105.89,2026-02-03,,active
SUB-000606,ACC-00731,OPP-002109,Enterprise Multi-Framework,682.44,2025-12-15,,active
SUB-000607,ACC-01266,OPP-002124,SOC2 + ISO 27001,241.16,2024-05-18,,active
SUB-000608,ACC-01394,OPP-002133,SOC2 Starter,120.38,2024-01-24,,active
SUB-000609,ACC-01678,OPP-002137,SOC2 Starter,91.3,2025-02-07,2025-10-05,churned
SUB-000610,ACC-01193,OPP-002138,SOC2 Starter,121.59,2025-04-16,,active
SUB-000611,ACC-01222,OPP-002139,SOC2 Starter,100.98,2025-11-08,,active
SUB-000612,ACC-00532,OPP-002140,SOC2 Starter,121.85,2026-01-27,,active
SUB-000613,ACC-01286,OPP-002141,SOC2 Starter,98.27,2024-01-28,2024-09-24,churned
SUB-000614,ACC-00507,OPP-002149,SOC2 Starter,98.2,2024-04-12,,active
SUB-000615,ACC-00332,OPP-002151,SOC2 Starter,104.33,2024-12-22,2026-06-15,churned
SUB-000616,ACC-00797,OPP-002157,Enterprise Multi-Framework,621.81,2024-03-06,,active
SUB-000617,ACC-01092,OPP-002162,SOC2 Starter,89.0,2024-04-07,,active
SUB-000618,ACC-01738,OPP-002164,SOC2 + ISO 27001,220.04,2025-11-07,,active
SUB-000619,ACC-00038,OPP-002166,SOC2 Starter,87.03,2025-09-21,,active
SUB-000620,ACC-00388,OPP-002169,SOC2 Starter,92.25,2025-01-23,,active
SUB-000621,ACC-01605,OPP-002177,SOC2 Starter,121.17,2026-06-06,,active
SUB-000622,ACC-00621,OPP-002178,SOC2 Starter,116.47,2025-07-07,,active
SUB-000623,ACC-01626,OPP-002183,SOC2 Starter,109.66,2025-10-24,,active
SUB-000624,ACC-01446,OPP-002187,SOC2 Starter,124.0,2024-05-21,2025-06-15,churned
SUB-000625,ACC-01226,OPP-002190,Enterprise Multi-Framework,517.86,2026-02-28,,active
SUB-000626,ACC-01564,OPP-002191,SOC2 + ISO 27001,219.16,2025-04-30,,active
SUB-000627,ACC-00177,OPP-002192,SOC2 Starter,95.37,2024-04-11,,active
SUB-000628,ACC-00596,OPP-002196,SOC2 Starter,114.52,2024-10-10,,active
SUB-000629,ACC-00405,OPP-002197,Enterprise Multi-Framework,675.04,2026-03-06,,active
SUB-000630,ACC-01679,OPP-002200,SOC2 Starter,98.78,2024-10-10,,active
SUB-000631,ACC-00377,OPP-002202,SOC2 Starter,99.63,2025-04-19,,active
SUB-000632,ACC-01562,OPP-002204,SOC2 Starter,123.2,2026-06-03,,active
SUB-000633,ACC-00728,OPP-002205,Enterprise Multi-Framework,514.34,2025-12-23,,active
SUB-000634,ACC-00362,OPP-002206,Enterprise Multi-Framework,554.88,2025-06-01,,active
SUB-000635,ACC-00014,OPP-002207,Enterprise Multi-Framework,690.82,2025-05-30,,active
SUB-000636,ACC-01512,OPP-002208,SOC2 + ISO 27001,301.23,2024-11-03,,active
SUB-000637,ACC-01614,OPP-002217,SOC2 Starter,106.97,2025-02-03,2025-10-31,churned
SUB-000638,ACC-00992,OPP-002220,SOC2 Starter,123.55,2024-05-17,,active
SUB-000639,ACC-01195,OPP-002223,SOC2 Starter,103.84,2024-07-30,,active
SUB-000640,ACC-00755,OPP-002226,SOC2 Starter,117.93,2024-01-30,2025-07-23,churned
SUB-000641,ACC-00089,OPP-002228,Enterprise Multi-Framework,674.54,2026-06-20,,active
SUB-000642,ACC-01505,OPP-002230,SOC2 Starter,86.1,2024-07-31,,active
SUB-000643,ACC-01705,OPP-002232,SOC2 Starter,115.92,2024-12-04,,active
SUB-000644,ACC-01214,OPP-002233,SOC2 Starter,87.06,2026-04-12,,active
SUB-000645,ACC-00420,OPP-002234,SOC2 Starter,95.09,2025-08-19,,active
SUB-000646,ACC-01108,OPP-002235,SOC2 Starter,128.08,2026-04-15,,active
SUB-000647,ACC-00897,OPP-002238,SOC2 Starter,109.81,2025-01-24,,active
SUB-000648,ACC-01737,OPP-002240,SOC2 Starter,96.71,2025-03-13,2025-09-09,churned
SUB-000649,ACC-01043,OPP-002241,SOC2 Starter,125.43,2025-11-21,,active
SUB-000650,ACC-00448,OPP-002246,SOC2 Starter,116.75,2025-12-23,,active
SUB-000651,ACC-00839,OPP-002252,SOC2 Starter,115.77,2026-03-08,,active
SUB-000652,ACC-01770,OPP-002254,SOC2 Starter,107.77,2024-10-03,2025-11-27,churned
SUB-000653,ACC-01797,OPP-002258,SOC2 Starter,104.42,2024-08-17,,active
SUB-000654,ACC-00645,OPP-002259,SOC2 Starter,97.73,2025-10-11,2026-06-08,churned
SUB-000655,ACC-01068,OPP-002263,SOC2 Starter,101.54,2024-08-09,,active
SUB-000656,ACC-01044,OPP-002266,SOC2 + ISO 27001,299.33,2026-01-28,,active
SUB-000657,ACC-00818,OPP-002268,SOC2 Starter,89.28,2026-01-09,,active
SUB-000658,ACC-01749,OPP-002271,SOC2 + ISO 27001,268.63,2025-10-30,,active
SUB-000659,ACC-00213,OPP-002280,Enterprise Multi-Framework,471.09,2026-04-22,,active
SUB-000660,ACC-01631,OPP-002284,SOC2 + ISO 27001,279.01,2025-11-25,,active
SUB-000661,ACC-00287,OPP-002286,SOC2 Starter,99.7,2025-07-02,,active
SUB-000662,ACC-00604,OPP-002290,SOC2 Starter,88.07,2025-02-15,,active
SUB-000663,ACC-00883,OPP-002305,SOC2 + ISO 27001,219.77,2025-02-01,,active
SUB-000664,ACC-00449,OPP-002308,Enterprise Multi-Framework,463.75,2024-05-14,,active
SUB-000665,ACC-00096,OPP-002313,SOC2 Starter,126.27,2025-07-23,2026-02-18,churned
SUB-000666,ACC-00861,OPP-002316,SOC2 Starter,103.39,2025-12-02,,active
SUB-000667,ACC-00692,OPP-002324,SOC2 Starter,98.29,2025-04-30,,active
SUB-000668,ACC-01343,OPP-002335,SOC2 Starter,119.26,2024-08-18,,active
SUB-000669,ACC-00142,OPP-002343,SOC2 Starter,108.7,2025-08-28,2026-03-26,churned
SUB-000670,ACC-00920,OPP-002347,SOC2 Starter,85.98,2025-08-08,,active
SUB-000671,ACC-00233,OPP-002348,SOC2 Starter,126.45,2025-03-17,,active
SUB-000672,ACC-00435,OPP-002349,SOC2 Starter,90.29,2026-01-06,,active
SUB-000673,ACC-01117,OPP-002354,SOC2 Starter,128.54,2025-02-15,,active
SUB-000674,ACC-00665,OPP-002369,SOC2 Starter,103.24,2024-03-27,2025-09-18,churned
SUB-000675,ACC-00486,OPP-002376,SOC2 Starter,125.38,2025-01-07,,active
SUB-000676,ACC-00401,OPP-002380,SOC2 Starter,85.26,2024-03-25,,active
SUB-000677,ACC-00439,OPP-002382,SOC2 Starter,118.6,2025-06-09,,active
SUB-000678,ACC-01551,OPP-002390,Enterprise Multi-Framework,506.62,2024-10-20,,active
SUB-000679,ACC-01090,OPP-002395,SOC2 Starter,97.04,2025-06-22,2026-04-18,churned
SUB-000680,ACC-01555,OPP-002396,Enterprise Multi-Framework,627.22,2025-07-27,,active
SUB-000681,ACC-01200,OPP-002398,SOC2 Starter,108.2,2024-10-08,,active
SUB-000682,ACC-01404,OPP-002399,SOC2 Starter,118.83,2025-11-26,,active
SUB-000683,ACC-01371,OPP-002402,Enterprise Multi-Framework,669.95,2024-11-26,,active
SUB-000684,ACC-00325,OPP-002404,SOC2 Starter,124.26,2025-09-13,,active
SUB-000685,ACC-00635,OPP-002406,SOC2 Starter,87.78,2025-05-11,,active
SUB-000686,ACC-01530,OPP-002409,Enterprise Multi-Framework,563.48,2024-04-10,,active
SUB-000687,ACC-00749,OPP-002412,Enterprise Multi-Framework,501.46,2026-03-10,,active
SUB-000688,ACC-00422,OPP-002413,SOC2 Starter,90.74,2024-08-27,,active
SUB-000689,ACC-01079,OPP-002419,SOC2 Starter,98.43,2025-11-01,,active
SUB-000690,ACC-01424,OPP-002424,SOC2 Starter,113.52,2024-04-14,,active
SUB-000691,ACC-01241,OPP-002425,SOC2 Starter,85.3,2024-12-18,,active
SUB-000692,ACC-01457,OPP-002431,SOC2 Starter,100.0,2024-10-25,,active
SUB-000693,ACC-00055,OPP-002432,SOC2 Starter,127.02,2026-05-01,,active
SUB-000694,ACC-00287,OPP-002434,SOC2 Starter,118.74,2025-10-25,,active
SUB-000695,ACC-01570,OPP-002436,SOC2 Starter,104.11,2025-09-19,,active
SUB-000696,ACC-00146,OPP-002437,SOC2 Starter,89.15,2025-11-24,,active
SUB-000697,ACC-01158,OPP-002439,SOC2 Starter,106.92,2025-04-23,2026-03-19,churned
SUB-000698,ACC-01163,OPP-002440,SOC2 Starter,103.13,2025-12-20,,active
SUB-000699,ACC-01463,OPP-002448,SOC2 Starter,125.68,2025-11-07,2026-04-06,churned
SUB-000700,ACC-01046,OPP-002450,SOC2 Starter,106.36,2025-12-18,,active
SUB-000701,ACC-00337,OPP-002453,SOC2 Starter,90.2,2024-03-21,,active
SUB-000702,ACC-01499,OPP-002457,SOC2 Starter,94.69,2025-04-30,,active
SUB-000703,ACC-00423,OPP-002458,SOC2 Starter,90.78,2026-03-17,,active
SUB-000704,ACC-01562,OPP-002462,SOC2 Starter,93.67,2024-09-26,2025-05-24,churned
SUB-000705,ACC-00078,OPP-002468,SOC2 Starter,86.99,2025-08-11,,active
SUB-000706,ACC-00624,OPP-002476,Enterprise Multi-Framework,580.6,2024-12-13,,active
SUB-000707,ACC-00458,OPP-002477,SOC2 + ISO 27001,259.05,2026-02-10,,active
SUB-000708,ACC-00885,OPP-002480,SOC2 Starter,111.62,2024-01-19,,active
SUB-000709,ACC-00783,OPP-002481,SOC2 Starter,103.72,2026-01-05,,active
SUB-000710,ACC-00177,OPP-002490,SOC2 Starter,95.17,2024-07-16,,active
SUB-000711,ACC-00090,OPP-002491,SOC2 Starter,87.97,2025-12-27,,active
SUB-000712,ACC-00637,OPP-002492,Enterprise Multi-Framework,609.92,2026-04-18,,active
SUB-000713,ACC-01029,OPP-002493,SOC2 Starter,87.8,2025-10-03,,active
SUB-000714,ACC-01540,OPP-002494,SOC2 Starter,122.72,2024-08-15,,active
SUB-000715,ACC-01410,OPP-002501,SOC2 + ISO 27001,297.45,2024-11-09,,active
SUB-000716,ACC-01272,OPP-002502,SOC2 Starter,129.9,2026-01-30,,active
SUB-000717,ACC-01096,OPP-002506,SOC2 Starter,101.96,2024-06-15,,active
SUB-000718,ACC-00942,OPP-002518,Enterprise Multi-Framework,541.41,2026-05-29,,active
SUB-000719,ACC-01635,OPP-002519,SOC2 Starter,113.29,2025-01-16,,active
SUB-000720,ACC-01424,OPP-002524,Enterprise Multi-Framework,621.84,2025-12-22,,active
SUB-000721,ACC-00585,OPP-002527,SOC2 Starter,116.65,2026-01-28,,active
SUB-000722,ACC-01264,OPP-002530,SOC2 Starter,116.32,2026-02-21,,active
SUB-000723,ACC-01422,OPP-002531,SOC2 Starter,112.31,2025-12-18,,active
SUB-000724,ACC-00336,OPP-002532,Enterprise Multi-Framework,520.52,2025-05-12,,active
SUB-000725,ACC-00130,OPP-002534,SOC2 Starter,90.0,2025-02-10,,active
SUB-000726,ACC-00046,OPP-002537,SOC2 Starter,109.99,2025-01-01,,active
SUB-000727,ACC-01327,OPP-002538,SOC2 + ISO 27001,238.74,2026-05-09,,active
SUB-000728,ACC-01778,OPP-002539,SOC2 Starter,128.94,2026-01-18,,active
SUB-000729,ACC-00179,OPP-002543,SOC2 Starter,116.06,2026-02-03,,active
SUB-000730,ACC-00040,OPP-002545,SOC2 Starter,93.07,2024-07-07,2025-11-29,churned
SUB-000731,ACC-00648,OPP-002551,SOC2 Starter,96.95,2025-01-03,,active
SUB-000732,ACC-00967,OPP-002556,SOC2 Starter,114.12,2026-01-01,,active
SUB-000733,ACC-01343,OPP-002563,SOC2 Starter,107.22,2026-02-10,,active
SUB-000734,ACC-01007,OPP-002565,SOC2 Starter,127.7,2024-10-27,,active
SUB-000735,ACC-00159,OPP-002572,SOC2 Starter,109.63,2024-10-03,,active
SUB-000736,ACC-01665,OPP-002573,SOC2 Starter,106.97,2026-02-18,,active
SUB-000737,ACC-01352,OPP-002575,SOC2 Starter,125.78,2025-01-11,,active
SUB-000738,ACC-00283,OPP-002576,Enterprise Multi-Framework,637.14,2025-08-25,,active
SUB-000739,ACC-00977,OPP-002579,SOC2 Starter,97.74,2025-11-02,,active
SUB-000740,ACC-00185,OPP-002580,SOC2 Starter,88.51,2024-03-30,,active
SUB-000741,ACC-01061,OPP-002590,SOC2 Starter,92.73,2024-08-22,,active
SUB-000742,ACC-01762,OPP-002592,SOC2 Starter,106.33,2024-12-30,,active
SUB-000743,ACC-01441,OPP-002595,SOC2 + ISO 27001,269.6,2024-05-09,,active
SUB-000744,ACC-00171,OPP-002618,SOC2 Starter,125.62,2024-04-10,,active
SUB-000745,ACC-01124,OPP-002627,SOC2 Starter,105.27,2025-03-12,,active
SUB-000746,ACC-00541,OPP-002628,Enterprise Multi-Framework,474.58,2024-10-25,,active
SUB-000747,ACC-01218,OPP-002635,SOC2 Starter,108.6,2026-06-11,,active
SUB-000748,ACC-01108,OPP-002637,SOC2 Starter,127.05,2025-02-24,,active
SUB-000749,ACC-01343,OPP-002641,SOC2 Starter,101.9,2026-06-10,,active
SUB-000750,ACC-01502,OPP-002646,SOC2 Starter,105.8,2025-08-11,,active
SUB-000751,ACC-01636,OPP-002658,SOC2 Starter,110.81,2025-11-09,,active
SUB-000752,ACC-00800,OPP-002664,SOC2 Starter,96.55,2025-08-20,,active
SUB-000753,ACC-00610,OPP-002665,SOC2 Starter,128.96,2024-04-11,,active
SUB-000754,ACC-00657,OPP-002666,SOC2 + ISO 27001,280.61,2025-01-17,,active
SUB-000755,ACC-00942,OPP-002670,Enterprise Multi-Framework,617.91,2025-01-23,2026-02-17,churned
SUB-000756,ACC-00356,OPP-002672,SOC2 Starter,90.72,2024-03-22,,active
SUB-000757,ACC-01587,OPP-002675,SOC2 Starter,92.47,2024-03-06,2025-07-29,churned
SUB-000758,ACC-01504,OPP-002677,SOC2 Starter,126.58,2024-05-27,2024-10-24,churned
SUB-000759,ACC-00775,OPP-002683,SOC2 Starter,87.12,2026-04-27,,active
SUB-000760,ACC-00180,OPP-002687,SOC2 Starter,109.58,2024-05-25,,active
SUB-000761,ACC-00268,OPP-002695,SOC2 Starter,128.18,2024-03-09,,active
SUB-000762,ACC-01257,OPP-002699,SOC2 Starter,120.71,2026-03-16,,active
SUB-000763,ACC-00160,OPP-002703,SOC2 Starter,115.65,2026-01-25,,active
SUB-000764,ACC-00432,OPP-002707,SOC2 Starter,119.76,2025-03-08,,active
SUB-000765,ACC-00017,OPP-002709,SOC2 + ISO 27001,253.86,2026-03-11,,active
SUB-000766,ACC-00722,OPP-002712,SOC2 Starter,104.07,2026-02-28,,active
SUB-000767,ACC-01115,OPP-002716,SOC2 Starter,113.93,2025-12-09,,active
SUB-000768,ACC-00546,OPP-002717,SOC2 Starter,105.43,2026-03-05,,active
SUB-000769,ACC-00450,OPP-002722,Enterprise Multi-Framework,492.02,2025-12-20,,active
SUB-000770,ACC-00302,OPP-002725,SOC2 Starter,104.87,2025-07-23,,active
SUB-000771,ACC-01604,OPP-002730,SOC2 Starter,127.07,2025-09-24,,active
SUB-000772,ACC-01156,OPP-002731,Enterprise Multi-Framework,538.53,2024-08-21,,active
SUB-000773,ACC-00719,OPP-002738,Enterprise Multi-Framework,570.69,2024-10-25,,active
SUB-000774,ACC-01068,OPP-002742,SOC2 Starter,90.77,2025-03-29,,active
SUB-000775,ACC-01460,OPP-002744,SOC2 Starter,126.51,2025-09-08,,active
SUB-000776,ACC-00107,OPP-002752,SOC2 Starter,129.81,2026-01-12,,active
SUB-000777,ACC-00885,OPP-002753,SOC2 Starter,87.77,2025-07-10,,active
SUB-000778,ACC-00974,OPP-002754,SOC2 Starter,113.34,2025-05-16,,active
SUB-000779,ACC-00549,OPP-002755,SOC2 Starter,117.72,2024-07-25,,active
SUB-000780,ACC-01643,OPP-002756,SOC2 Starter,123.74,2025-03-26,,active
SUB-000781,ACC-01490,OPP-002760,Enterprise Multi-Framework,583.0,2025-02-17,,active
SUB-000782,ACC-01601,OPP-002761,SOC2 Starter,117.8,2025-04-05,,active
SUB-000783,ACC-01149,OPP-002771,SOC2 + ISO 27001,259.83,2025-10-06,,active
SUB-000784,ACC-01573,OPP-002774,SOC2 Starter,108.05,2024-08-26,2026-02-17,churned
SUB-000785,ACC-00070,OPP-002778,SOC2 Starter,85.62,2024-07-14,,active
SUB-000786,ACC-01432,OPP-002779,Enterprise Multi-Framework,628.99,2025-10-24,,active
SUB-000787,ACC-01695,OPP-002784,SOC2 Starter,98.34,2026-04-20,,active
